release_date,type,total_positives,total_tests,week_year_date,month_year_date
2021-01-01,PCR,195,4317,2020-12-27,2021-01-01
2021-01-02,PCR,72,1852,2020-12-27,2021-01-01
2021-01-03,PCR,149,2855,2021-01-03,2021-01-01
2021-01-04,PCR,122,3315,2021-01-03,2021-01-01
2021-01-05,PCR,288,5413,2021-01-03,2021-01-01
2021-01-06,PCR,307,5830,2021-01-03,2021-01-01
2021-01-07,PCR,390,5424,2021-01-03,2021-01-01
2021-01-08,PCR,268,6190,2021-01-03,2021-01-01
2021-01-09,PCR,276,6515,2021-01-03,2021-01-01
2021-01-10,PCR,111,3766,2021-01-10,2021-01-01
2021-01-11,PCR,78,2629,2021-01-10,2021-01-01
2021-01-12,PCR,141,4435,2021-01-10,2021-01-01
2021-01-13,PCR,164,7247,2021-01-10,2021-01-01
2021-01-14,PCR,179,5594,2021-01-10,2021-01-01
2021-01-15,PCR,195,7077,2021-01-10,2021-01-01
2021-01-16,PCR,270,7748,2021-01-10,2021-01-01
2021-01-17,PCR,93,3733,2021-01-17,2021-01-01
2021-01-18,PCR,88,2681,2021-01-17,2021-01-01
2021-01-19,PCR,82,2347,2021-01-17,2021-01-01
2021-01-20,PCR,171,3787,2021-01-17,2021-01-01
2021-01-21,PCR,227,8049,2021-01-17,2021-01-01
2021-01-22,PCR,172,5487,2021-01-17,2021-01-01
2021-01-23,PCR,147,5091,2021-01-17,2021-01-01
2021-01-24,PCR,91,2985,2021-01-24,2021-01-01
2021-01-25,PCR,77,2814,2021-01-24,2021-01-01
2021-01-26,PCR,178,3571,2021-01-24,2021-01-01
2021-01-27,PCR,171,5013,2021-01-24,2021-01-01
2021-01-28,PCR,118,4758,2021-01-24,2021-01-01
2021-01-29,PCR,178,5644,2021-01-24,2021-01-01
2021-01-30,PCR,131,5401,2021-01-24,2021-01-01
2021-01-31,PCR,111,3739,2021-01-31,2021-01-01
2021-02-01,PCR,92,1732,2021-01-31,2021-02-01
2021-02-02,PCR,165,3922,2021-01-31,2021-02-01
2021-02-03,PCR,169,3117,2021-01-31,2021-02-01
2021-02-04,PCR,195,4580,2021-01-31,2021-02-01
2021-02-05,PCR,212,5859,2021-01-31,2021-02-01
2021-02-06,PCR,173,3784,2021-01-31,2021-02-01
2021-02-07,PCR,141,4797,2021-02-07,2021-02-01
2021-02-08,PCR,145,1953,2021-02-07,2021-02-01
2021-02-09,PCR,124,3348,2021-02-07,2021-02-01
2021-02-10,PCR,190,3784,2021-02-07,2021-02-01
2021-02-11,PCR,156,4220,2021-02-07,2021-02-01
2021-02-12,PCR,279,5873,2021-02-07,2021-02-01
2021-02-13,PCR,198,4423,2021-02-07,2021-02-01
2021-02-14,PCR,82,3025,2021-02-14,2021-02-01
2021-02-15,PCR,159,2063,2021-02-14,2021-02-01
2021-02-16,PCR,190,2848,2021-02-14,2021-02-01
2021-02-17,PCR,163,2917,2021-02-14,2021-02-01
2021-02-18,PCR,309,4822,2021-02-14,2021-02-01
2021-02-19,PCR,257,4606,2021-02-14,2021-02-01
2021-02-20,PCR,169,3734,2021-02-14,2021-02-01
2021-02-21,PCR,221,3415,2021-02-21,2021-02-01
2021-02-22,PCR,133,3573,2021-02-21,2021-02-01
2021-02-23,PCR,196,3375,2021-02-21,2021-02-01
2021-02-24,PCR,338,4919,2021-02-21,2021-02-01
2021-02-25,PCR,309,4599,2021-02-21,2021-02-01
2021-02-26,PCR,463,7180,2021-02-21,2021-02-01
2021-02-27,PCR,211,5577,2021-02-21,2021-02-01
2021-02-28,PCR,346,3282,2021-02-28,2021-02-01
2021-03-01,PCR,166,2213,2021-02-28,2021-03-01
2021-03-02,PCR,367,5550,2021-02-28,2021-03-01
2021-03-03,PCR,351,4725,2021-02-28,2021-03-01
2021-03-04,PCR,566,6291,2021-02-28,2021-03-01
2021-03-05,Antigen,2,3,2021-02-28,2021-03-01
2021-03-05,PCR,436,5189,2021-02-28,2021-03-01
2021-03-06,Antigen,1,4,2021-02-28,2021-03-01
2021-03-06,PCR,668,5193,2021-02-28,2021-03-01
2021-03-07,Antigen,0,1,2021-03-07,2021-03-01
2021-03-07,PCR,480,5691,2021-03-07,2021-03-01
2021-03-08,Antigen,2,4,2021-03-07,2021-03-01
2021-03-08,PCR,346,2924,2021-03-07,2021-03-01
2021-03-09,Antigen,7,23,2021-03-07,2021-03-01
2021-03-09,PCR,365,3609,2021-03-07,2021-03-01
2021-03-10,Antigen,12,60,2021-03-07,2021-03-01
2021-03-10,PCR,731,5284,2021-03-07,2021-03-01
2021-03-11,Antigen,69,161,2021-03-07,2021-03-01
2021-03-11,PCR,777,6012,2021-03-07,2021-03-01
2021-03-12,Antigen,69,355,2021-03-07,2021-03-01
2021-03-12,PCR,786,6264,2021-03-07,2021-03-01
2021-03-13,Antigen,53,171,2021-03-07,2021-03-01
2021-03-13,PCR,852,5954,2021-03-07,2021-03-01
2021-03-14,Antigen,12,55,2021-03-14,2021-03-01
2021-03-14,PCR,405,4401,2021-03-14,2021-03-01
2021-03-15,Antigen,30,60,2021-03-14,2021-03-01
2021-03-15,PCR,722,4453,2021-03-14,2021-03-01
2021-03-16,Antigen,35,179,2021-03-14,2021-03-01
2021-03-16,PCR,1087,6151,2021-03-14,2021-03-01
2021-03-17,Antigen,67,389,2021-03-14,2021-03-01
2021-03-17,PCR,1230,6882,2021-03-14,2021-03-01
2021-03-18,Antigen,85,295,2021-03-14,2021-03-01
2021-03-18,PCR,1162,7013,2021-03-14,2021-03-01
2021-03-19,Antigen,100,434,2021-03-14,2021-03-01
2021-03-19,PCR,1273,7295,2021-03-14,2021-03-01
2021-03-20,Antigen,162,534,2021-03-14,2021-03-01
2021-03-20,PCR,1155,6706,2021-03-14,2021-03-01
2021-03-21,Antigen,150,529,2021-03-21,2021-03-01
2021-03-21,PCR,706,4899,2021-03-21,2021-03-01
2021-03-22,Antigen,37,136,2021-03-21,2021-03-01
2021-03-22,PCR,1104,4983,2021-03-21,2021-03-01
2021-03-23,Antigen,241,935,2021-03-21,2021-03-01
2021-03-23,PCR,901,4496,2021-03-21,2021-03-01
2021-03-24,Antigen,277,1173,2021-03-21,2021-03-01
2021-03-24,PCR,1309,8171,2021-03-21,2021-03-01
2021-03-25,Antigen,229,1076,2021-03-21,2021-03-01
2021-03-25,PCR,1293,7899,2021-03-21,2021-03-01
2021-03-26,Antigen,334,1369,2021-03-21,2021-03-01
2021-03-26,PCR,1729,9979,2021-03-21,2021-03-01
2021-03-27,Antigen,267,1238,2021-03-21,2021-03-01
2021-03-27,PCR,928,7159,2021-03-21,2021-03-01
2021-03-28,Antigen,80,309,2021-03-28,2021-03-01
2021-03-28,PCR,825,5068,2021-03-28,2021-03-01
2021-03-29,Antigen,86,416,2021-03-28,2021-03-01
2021-03-29,PCR,841,3065,2021-03-28,2021-03-01
2021-03-30,Antigen,406,1553,2021-03-28,2021-03-01
2021-03-30,PCR,1172,6443,2021-03-28,2021-03-01
2021-03-31,Antigen,304,1458,2021-03-28,2021-03-01
2021-03-31,PCR,1153,7632,2021-03-28,2021-03-01
2021-04-01,Antigen,131,579,2021-03-28,2021-04-01
2021-04-01,PCR,881,4916,2021-03-28,2021-04-01
2021-04-02,Antigen,285,1358,2021-03-28,2021-04-01
2021-04-02,PCR,1582,8315,2021-03-28,2021-04-01
2021-04-03,Antigen,80,406,2021-03-28,2021-04-01
2021-04-03,PCR,1140,6733,2021-03-28,2021-04-01
2021-04-04,Antigen,64,249,2021-04-04,2021-04-01
2021-04-04,PCR,862,5793,2021-04-04,2021-04-01
2021-04-05,Antigen,93,387,2021-04-04,2021-04-01
2021-04-05,PCR,383,2366,2021-04-04,2021-04-01
2021-04-06,Antigen,68,302,2021-04-04,2021-04-01
2021-04-06,PCR,336,2621,2021-04-04,2021-04-01
2021-04-07,Antigen,186,745,2021-04-04,2021-04-01
2021-04-07,PCR,1359,6678,2021-04-04,2021-04-01
2021-04-08,Antigen,167,987,2021-04-04,2021-04-01
2021-04-08,PCR,1574,10364,2021-04-04,2021-04-01
2021-04-09,Antigen,246,1130,2021-04-04,2021-04-01
2021-04-09,PCR,869,6201,2021-04-04,2021-04-01
2021-04-10,Antigen,204,1509,2021-04-04,2021-04-01
2021-04-10,PCR,869,6807,2021-04-04,2021-04-01
2021-04-11,Antigen,74,488,2021-04-11,2021-04-01
2021-04-11,PCR,441,3614,2021-04-11,2021-04-01
2021-04-12,Antigen,21,184,2021-04-11,2021-04-01
2021-04-12,PCR,483,2805,2021-04-11,2021-04-01
2021-04-13,Antigen,174,1115,2021-04-11,2021-04-01
2021-04-13,PCR,833,5302,2021-04-11,2021-04-01
2021-04-14,Antigen,117,905,2021-04-11,2021-04-01
2021-04-14,PCR,882,6622,2021-04-11,2021-04-01
2021-04-15,Antigen,130,879,2021-04-11,2021-04-01
2021-04-15,PCR,997,5079,2021-04-11,2021-04-01
2021-04-16,Antigen,113,794,2021-04-11,2021-04-01
2021-04-16,PCR,936,6952,2021-04-11,2021-04-01
2021-04-17,Antigen,126,625,2021-04-11,2021-04-01
2021-04-17,PCR,908,6558,2021-04-11,2021-04-01
2021-04-18,Antigen,62,459,2021-04-18,2021-04-01
2021-04-18,PCR,307,3205,2021-04-18,2021-04-01
2021-04-19,Antigen,13,206,2021-04-18,2021-04-01
2021-04-19,PCR,256,2309,2021-04-18,2021-04-01
2021-04-20,Antigen,85,635,2021-04-18,2021-04-01
2021-04-20,PCR,552,5196,2021-04-18,2021-04-01
2021-04-21,Antigen,87,745,2021-04-18,2021-04-01
2021-04-21,PCR,898,6566,2021-04-18,2021-04-01
2021-04-22,Antigen,96,811,2021-04-18,2021-04-01
2021-04-22,PCR,825,4862,2021-04-18,2021-04-01
2021-04-23,Antigen,119,792,2021-04-18,2021-04-01
2021-04-23,PCR,663,6244,2021-04-18,2021-04-01
2021-04-24,Antigen,84,633,2021-04-18,2021-04-01
2021-04-24,PCR,1269,8675,2021-04-18,2021-04-01
2021-04-25,Antigen,33,357,2021-04-25,2021-04-01
2021-04-25,PCR,440,3834,2021-04-25,2021-04-01
2021-04-26,Antigen,28,179,2021-04-25,2021-04-01
2021-04-26,PCR,176,1600,2021-04-25,2021-04-01
2021-04-27,Antigen,132,788,2021-04-25,2021-04-01
2021-04-27,PCR,392,3276,2021-04-25,2021-04-01
2021-04-28,Antigen,119,1002,2021-04-25,2021-04-01
2021-04-28,PCR,724,7344,2021-04-25,2021-04-01
2021-04-29,Antigen,58,760,2021-04-25,2021-04-01
2021-04-29,PCR,433,4169,2021-04-25,2021-04-01
2021-04-30,Antigen,88,656,2021-04-25,2021-04-01
2021-04-30,PCR,378,4430,2021-04-25,2021-04-01
2021-05-01,Antigen,69,707,2021-04-25,2021-05-01
2021-05-01,PCR,674,5049,2021-04-25,2021-05-01
2021-05-02,Antigen,20,141,2021-05-02,2021-05-01
2021-05-02,PCR,364,4328,2021-05-02,2021-05-01
2021-05-03,Antigen,17,230,2021-05-02,2021-05-01
2021-05-03,PCR,120,1411,2021-05-02,2021-05-01
2021-05-04,Antigen,100,739,2021-05-02,2021-05-01
2021-05-04,PCR,351,5947,2021-05-02,2021-05-01
2021-05-05,Antigen,61,540,2021-05-02,2021-05-01
2021-05-05,PCR,410,3885,2021-05-02,2021-05-01
2021-05-06,Antigen,75,751,2021-05-02,2021-05-01
2021-05-06,PCR,648,8077,2021-05-02,2021-05-01
2021-05-07,Antigen,45,457,2021-05-02,2021-05-01
2021-05-07,PCR,778,8541,2021-05-02,2021-05-01
2021-05-08,Antigen,63,636,2021-05-02,2021-05-01
2021-05-08,PCR,501,3989,2021-05-02,2021-05-01
2021-05-09,Antigen,44,302,2021-05-09,2021-05-01
2021-05-09,PCR,328,3949,2021-05-09,2021-05-01
2021-05-10,Antigen,23,197,2021-05-09,2021-05-01
2021-05-10,PCR,44,1631,2021-05-09,2021-05-01
2021-05-11,Antigen,81,566,2021-05-09,2021-05-01
2021-05-11,PCR,280,3810,2021-05-09,2021-05-01
2021-05-12,Antigen,55,457,2021-05-09,2021-05-01
2021-05-12,PCR,365,3279,2021-05-09,2021-05-01
2021-05-13,Antigen,65,532,2021-05-09,2021-05-01
2021-05-13,PCR,272,3622,2021-05-09,2021-05-01
2021-05-14,Antigen,73,497,2021-05-09,2021-05-01
2021-05-14,PCR,319,3171,2021-05-09,2021-05-01
2021-05-15,Antigen,26,310,2021-05-09,2021-05-01
2021-05-15,PCR,241,4056,2021-05-09,2021-05-01
2021-05-16,Antigen,26,287,2021-05-16,2021-05-01
2021-05-16,PCR,68,2502,2021-05-16,2021-05-01
2021-05-17,Antigen,6,127,2021-05-16,2021-05-01
2021-05-17,PCR,68,1917,2021-05-16,2021-05-01
2021-05-18,Antigen,77,567,2021-05-16,2021-05-01
2021-05-18,PCR,397,5676,2021-05-16,2021-05-01
2021-05-19,Antigen,82,649,2021-05-16,2021-05-01
2021-05-19,PCR,296,3504,2021-05-16,2021-05-01
2021-05-20,Antigen,72,654,2021-05-16,2021-05-01
2021-05-20,PCR,426,5756,2021-05-16,2021-05-01
2021-05-21,Antigen,75,504,2021-05-16,2021-05-01
2021-05-21,PCR,622,7429,2021-05-16,2021-05-01
2021-05-22,Antigen,133,686,2021-05-16,2021-05-01
2021-05-22,PCR,455,5112,2021-05-16,2021-05-01
2021-05-23,Antigen,61,221,2021-05-23,2021-05-01
2021-05-23,PCR,268,4167,2021-05-23,2021-05-01
2021-05-24,Antigen,42,245,2021-05-23,2021-05-01
2021-05-24,PCR,69,1701,2021-05-23,2021-05-01
2021-05-25,Antigen,103,528,2021-05-23,2021-05-01
2021-05-25,PCR,286,3169,2021-05-23,2021-05-01
2021-05-26,Antigen,82,643,2021-05-23,2021-05-01
2021-05-26,PCR,366,5159,2021-05-23,2021-05-01
2021-05-27,Antigen,73,406,2021-05-23,2021-05-01
2021-05-27,PCR,289,3450,2021-05-23,2021-05-01
2021-05-28,Antigen,57,409,2021-05-23,2021-05-01
2021-05-28,PCR,290,4445,2021-05-23,2021-05-01
2021-05-29,Antigen,96,584,2021-05-23,2021-05-01
2021-05-29,PCR,352,4375,2021-05-23,2021-05-01
2021-05-30,Antigen,17,171,2021-05-30,2021-05-01
2021-05-30,PCR,148,3272,2021-05-30,2021-05-01
2021-05-31,Antigen,24,154,2021-05-30,2021-05-01
2021-05-31,PCR,64,1514,2021-05-30,2021-05-01
2021-06-01,Antigen,75,609,2021-05-30,2021-06-01
2021-06-01,PCR,280,3470,2021-05-30,2021-06-01
2021-06-02,Antigen,10,156,2021-05-30,2021-06-01
2021-06-02,PCR,134,2491,2021-05-30,2021-06-01
2021-06-03,Antigen,144,653,2021-05-30,2021-06-01
2021-06-03,PCR,297,3124,2021-05-30,2021-06-01
2021-06-04,Antigen,27,222,2021-05-30,2021-06-01
2021-06-04,PCR,257,4314,2021-05-30,2021-06-01
2021-06-05,Antigen,57,305,2021-05-30,2021-06-01
2021-06-05,PCR,334,3593,2021-05-30,2021-06-01
2021-06-06,Antigen,21,173,2021-06-06,2021-06-01
2021-06-06,PCR,147,3384,2021-06-06,2021-06-01
2021-06-07,Antigen,15,111,2021-06-06,2021-06-01
2021-06-07,PCR,137,2036,2021-06-06,2021-06-01
2021-06-08,Antigen,135,627,2021-06-06,2021-06-01
2021-06-08,PCR,300,3852,2021-06-06,2021-06-01
2021-06-09,Antigen,61,544,2021-06-06,2021-06-01
2021-06-09,PCR,536,4417,2021-06-06,2021-06-01
2021-06-10,Antigen,90,973,2021-06-06,2021-06-01
2021-06-10,PCR,542,5751,2021-06-06,2021-06-01
2021-06-11,Antigen,78,681,2021-06-06,2021-06-01
2021-06-11,PCR,417,5125,2021-06-06,2021-06-01
2021-06-12,Antigen,87,752,2021-06-06,2021-06-01
2021-06-12,PCR,372,4801,2021-06-06,2021-06-01
2021-06-13,Antigen,58,169,2021-06-13,2021-06-01
2021-06-13,PCR,113,2636,2021-06-13,2021-06-01
2021-06-14,Antigen,23,116,2021-06-13,2021-06-01
2021-06-14,PCR,321,3538,2021-06-13,2021-06-01
2021-06-15,Antigen,71,854,2021-06-13,2021-06-01
2021-06-15,PCR,405,4772,2021-06-13,2021-06-01
2021-06-16,Antigen,147,982,2021-06-13,2021-06-01
2021-06-16,PCR,364,4368,2021-06-13,2021-06-01
2021-06-17,Antigen,161,1155,2021-06-13,2021-06-01
2021-06-17,PCR,569,5021,2021-06-13,2021-06-01
2021-06-18,Antigen,247,1682,2021-06-13,2021-06-01
2021-06-18,PCR,570,5643,2021-06-13,2021-06-01
2021-06-19,Antigen,95,767,2021-06-13,2021-06-01
2021-06-19,PCR,635,5272,2021-06-13,2021-06-01
2021-06-20,Antigen,35,257,2021-06-20,2021-06-01
2021-06-20,PCR,253,3178,2021-06-20,2021-06-01
2021-06-21,Antigen,39,278,2021-06-20,2021-06-01
2021-06-21,PCR,180,2294,2021-06-20,2021-06-01
2021-06-22,Antigen,189,1122,2021-06-20,2021-06-01
2021-06-22,PCR,407,5406,2021-06-20,2021-06-01
2021-06-23,Antigen,144,1153,2021-06-20,2021-06-01
2021-06-23,PCR,488,5083,2021-06-20,2021-06-01
2021-06-24,Antigen,236,1662,2021-06-20,2021-06-01
2021-06-24,PCR,537,5272,2021-06-20,2021-06-01
2021-06-25,Antigen,196,1322,2021-06-20,2021-06-01
2021-06-25,PCR,473,5105,2021-06-20,2021-06-01
2021-06-26,Antigen,140,1046,2021-06-20,2021-06-01
2021-06-26,PCR,400,5510,2021-06-20,2021-06-01
2021-06-27,Antigen,51,378,2021-06-27,2021-06-01
2021-06-27,PCR,159,2591,2021-06-27,2021-06-01
2021-06-28,Antigen,143,594,2021-06-27,2021-06-01
2021-06-28,PCR,146,2071,2021-06-27,2021-06-01
2021-06-29,Antigen,267,1666,2021-06-27,2021-06-01
2021-06-29,PCR,467,5806,2021-06-27,2021-06-01
2021-06-30,Antigen,181,1313,2021-06-27,2021-06-01
2021-06-30,PCR,396,5044,2021-06-27,2021-06-01
2021-07-01,Antigen,100,957,2021-06-27,2021-07-01
2021-07-01,PCR,283,2813,2021-06-27,2021-07-01
2021-07-02,Antigen,203,1483,2021-06-27,2021-07-01
2021-07-02,PCR,320,4982,2021-06-27,2021-07-01
2021-07-03,Antigen,241,2001,2021-06-27,2021-07-01
2021-07-03,PCR,310,6160,2021-06-27,2021-07-01
2021-07-04,Antigen,143,1027,2021-07-04,2021-07-01
2021-07-04,PCR,137,2753,2021-07-04,2021-07-01
2021-07-05,Antigen,61,588,2021-07-04,2021-07-01
2021-07-05,PCR,124,1459,2021-07-04,2021-07-01
2021-07-06,Antigen,185,1044,2021-07-04,2021-07-01
2021-07-06,PCR,273,4024,2021-07-04,2021-07-01
2021-07-07,Antigen,152,2490,2021-07-04,2021-07-01
2021-07-07,PCR,400,4886,2021-07-04,2021-07-01
2021-07-08,Antigen,149,946,2021-07-04,2021-07-01
2021-07-08,PCR,430,4364,2021-07-04,2021-07-01
2021-07-09,Antigen,169,942,2021-07-04,2021-07-01
2021-07-09,PCR,290,3935,2021-07-04,2021-07-01
2021-07-10,Antigen,173,873,2021-07-04,2021-07-01
2021-07-10,PCR,394,4996,2021-07-04,2021-07-01
2021-07-11,Antigen,45,239,2021-07-11,2021-07-01
2021-07-11,PCR,208,2716,2021-07-11,2021-07-01
2021-07-12,Antigen,52,212,2021-07-11,2021-07-01
2021-07-12,PCR,140,2142,2021-07-11,2021-07-01
2021-07-13,Antigen,411,1784,2021-07-11,2021-07-01
2021-07-13,PCR,356,3979,2021-07-11,2021-07-01
2021-07-14,Antigen,138,982,2021-07-11,2021-07-01
2021-07-14,PCR,347,4138,2021-07-11,2021-07-01
2021-07-15,Antigen,215,1186,2021-07-11,2021-07-01
2021-07-15,PCR,656,6359,2021-07-11,2021-07-01
2021-07-16,Antigen,150,639,2021-07-11,2021-07-01
2021-07-16,PCR,603,6249,2021-07-11,2021-07-01
2021-07-17,Antigen,211,863,2021-07-11,2021-07-01
2021-07-17,PCR,522,6018,2021-07-11,2021-07-01
2021-07-18,Antigen,52,283,2021-07-18,2021-07-01
2021-07-18,PCR,279,3393,2021-07-18,2021-07-01
2021-07-19,Antigen,102,1030,2021-07-18,2021-07-01
2021-07-19,PCR,348,4251,2021-07-18,2021-07-01
2021-07-20,Antigen,267,1417,2021-07-18,2021-07-01
2021-07-20,PCR,381,4092,2021-07-18,2021-07-01
2021-07-21,Antigen,80,499,2021-07-18,2021-07-01
2021-07-21,PCR,431,3561,2021-07-18,2021-07-01
2021-07-22,Antigen,307,1281,2021-07-18,2021-07-01
2021-07-22,PCR,505,4569,2021-07-18,2021-07-01
2021-07-23,Antigen,265,1459,2021-07-18,2021-07-01
2021-07-23,PCR,528,5434,2021-07-18,2021-07-01
2021-07-24,Antigen,222,1058,2021-07-18,2021-07-01
2021-07-24,PCR,673,5022,2021-07-18,2021-07-01
2021-07-25,Antigen,141,699,2021-07-25,2021-07-01
2021-07-25,PCR,529,4742,2021-07-25,2021-07-01
2021-07-26,Antigen,105,342,2021-07-25,2021-07-01
2021-07-26,PCR,452,3745,2021-07-25,2021-07-01
2021-07-27,Antigen,371,1507,2021-07-25,2021-07-01
2021-07-27,PCR,610,5387,2021-07-25,2021-07-01
2021-07-28,Antigen,413,1406,2021-07-25,2021-07-01
2021-07-28,PCR,597,4190,2021-07-25,2021-07-01
2021-07-29,Antigen,406,1637,2021-07-25,2021-07-01
2021-07-29,PCR,667,5761,2021-07-25,2021-07-01
2021-07-30,Antigen,327,1276,2021-07-25,2021-07-01
2021-07-30,PCR,626,6112,2021-07-25,2021-07-01
2021-07-31,Antigen,596,2326,2021-07-25,2021-07-01
2021-07-31,PCR,736,5829,2021-07-25,2021-07-01
2021-08-01,Antigen,169,808,2021-08-01,2021-08-01
2021-08-01,PCR,312,4409,2021-08-01,2021-08-01
2021-08-02,Antigen,69,304,2021-08-01,2021-08-01
2021-08-02,PCR,525,4433,2021-08-01,2021-08-01
2021-08-03,Antigen,610,2607,2021-08-01,2021-08-01
2021-08-03,PCR,536,4460,2021-08-01,2021-08-01
2021-08-04,Antigen,630,2509,2021-08-01,2021-08-01
2021-08-04,PCR,726,5095,2021-08-01,2021-08-01
2021-08-05,Antigen,775,3328,2021-08-01,2021-08-01
2021-08-05,PCR,873,5775,2021-08-01,2021-08-01
2021-08-06,Antigen,693,2894,2021-08-01,2021-08-01
2021-08-06,PCR,911,7178,2021-08-01,2021-08-01
2021-08-07,Antigen,723,2956,2021-08-01,2021-08-01
2021-08-07,PCR,562,5349,2021-08-01,2021-08-01
2021-08-08,Antigen,346,1818,2021-08-08,2021-08-01
2021-08-08,PCR,494,4812,2021-08-08,2021-08-01
2021-08-09,Antigen,223,1745,2021-08-08,2021-08-01
2021-08-09,PCR,557,4464,2021-08-08,2021-08-01
2021-08-10,Antigen,528,2838,2021-08-08,2021-08-01
2021-08-10,PCR,663,5308,2021-08-08,2021-08-01
2021-08-11,Antigen,1059,4999,2021-08-08,2021-08-01
2021-08-11,PCR,978,8412,2021-08-08,2021-08-01
2021-08-12,Antigen,927,3970,2021-08-08,2021-08-01
2021-08-12,PCR,669,5782,2021-08-08,2021-08-01
2021-08-13,Antigen,676,3630,2021-08-08,2021-08-01
2021-08-13,PCR,775,7132,2021-08-08,2021-08-01
2021-08-14,Antigen,789,3770,2021-08-08,2021-08-01
2021-08-14,PCR,472,5107,2021-08-08,2021-08-01
2021-08-15,Antigen,283,1151,2021-08-15,2021-08-01
2021-08-15,PCR,515,4347,2021-08-15,2021-08-01
2021-08-16,Antigen,248,1310,2021-08-15,2021-08-01
2021-08-16,PCR,445,4383,2021-08-15,2021-08-01
2021-08-17,Antigen,839,3434,2021-08-15,2021-08-01
2021-08-17,PCR,671,6339,2021-08-15,2021-08-01
2021-08-18,Antigen,866,3942,2021-08-15,2021-08-01
2021-08-18,PCR,680,5898,2021-08-15,2021-08-01
2021-08-19,Antigen,856,3888,2021-08-15,2021-08-01
2021-08-19,PCR,457,4792,2021-08-15,2021-08-01
2021-08-20,Antigen,815,3628,2021-08-15,2021-08-01
2021-08-20,PCR,618,6607,2021-08-15,2021-08-01
2021-08-21,Antigen,872,4013,2021-08-15,2021-08-01
2021-08-21,PCR,430,4297,2021-08-15,2021-08-01
2021-08-22,Antigen,359,2041,2021-08-22,2021-08-01
2021-08-22,PCR,301,3998,2021-08-22,2021-08-01
2021-08-23,Antigen,301,1270,2021-08-22,2021-08-01
2021-08-23,PCR,330,3377,2021-08-22,2021-08-01
2021-08-24,Antigen,806,4250,2021-08-22,2021-08-01
2021-08-24,PCR,367,5674,2021-08-22,2021-08-01
2021-08-25,Antigen,634,3269,2021-08-22,2021-08-01
2021-08-25,PCR,640,6599,2021-08-22,2021-08-01
2021-08-26,Antigen,504,2946,2021-08-22,2021-08-01
2021-08-26,PCR,322,3404,2021-08-22,2021-08-01
2021-08-27,Antigen,606,3247,2021-08-22,2021-08-01
2021-08-27,PCR,361,6177,2021-08-22,2021-08-01
2021-08-28,Antigen,453,2706,2021-08-22,2021-08-01
2021-08-28,PCR,343,3984,2021-08-22,2021-08-01
2021-08-29,Antigen,177,899,2021-08-29,2021-08-01
2021-08-29,PCR,209,3695,2021-08-29,2021-08-01
2021-08-30,Antigen,125,647,2021-08-29,2021-08-01
2021-08-30,PCR,221,2906,2021-08-29,2021-08-01
2021-08-31,Antigen,317,1644,2021-08-29,2021-08-01
2021-08-31,PCR,254,2825,2021-08-29,2021-08-01
2021-09-01,Antigen,574,3237,2021-08-29,2021-09-01
2021-09-01,PCR,459,6378,2021-08-29,2021-09-01
2021-09-02,Antigen,565,2950,2021-08-29,2021-09-01
2021-09-02,PCR,413,4990,2021-08-29,2021-09-01
2021-09-03,Antigen,602,3445,2021-08-29,2021-09-01
2021-09-03,PCR,407,5620,2021-08-29,2021-09-01
2021-09-04,Antigen,486,2947,2021-08-29,2021-09-01
2021-09-04,PCR,360,5182,2021-08-29,2021-09-01
2021-09-05,Antigen,118,655,2021-09-05,2021-09-01
2021-09-05,PCR,377,5013,2021-09-05,2021-09-01
2021-09-06,Antigen,120,679,2021-09-05,2021-09-01
2021-09-06,PCR,150,2458,2021-09-05,2021-09-01
2021-09-07,Antigen,378,2400,2021-09-05,2021-09-01
2021-09-07,PCR,336,4376,2021-09-05,2021-09-01
2021-09-08,Antigen,364,2691,2021-09-05,2021-09-01
2021-09-08,PCR,296,5013,2021-09-05,2021-09-01
2021-09-09,Antigen,273,2081,2021-09-05,2021-09-01
2021-09-09,PCR,285,4798,2021-09-05,2021-09-01
2021-09-10,Antigen,437,2807,2021-09-05,2021-09-01
2021-09-10,PCR,276,5334,2021-09-05,2021-09-01
2021-09-11,Antigen,293,2421,2021-09-05,2021-09-01
2021-09-11,PCR,225,4013,2021-09-05,2021-09-01
2021-09-12,Antigen,99,851,2021-09-12,2021-09-01
2021-09-12,PCR,181,3021,2021-09-12,2021-09-01
2021-09-13,Antigen,99,633,2021-09-12,2021-09-01
2021-09-13,PCR,111,2330,2021-09-12,2021-09-01
2021-09-14,Antigen,241,1814,2021-09-12,2021-09-01
2021-09-14,PCR,222,5019,2021-09-12,2021-09-01
2021-09-15,Antigen,292,2458,2021-09-12,2021-09-01
2021-09-15,PCR,174,3948,2021-09-12,2021-09-01
2021-09-16,Antigen,307,2812,2021-09-12,2021-09-01
2021-09-16,PCR,222,5143,2021-09-12,2021-09-01
2021-09-17,Antigen,220,2331,2021-09-12,2021-09-01
2021-09-17,PCR,237,5180,2021-09-12,2021-09-01
2021-09-18,Antigen,230,2076,2021-09-12,2021-09-01
2021-09-18,PCR,299,5906,2021-09-12,2021-09-01
2021-09-19,Antigen,115,993,2021-09-19,2021-09-01
2021-09-19,PCR,120,2744,2021-09-19,2021-09-01
2021-09-20,Antigen,30,277,2021-09-19,2021-09-01
2021-09-20,PCR,83,2403,2021-09-19,2021-09-01
2021-09-21,Antigen,222,1834,2021-09-19,2021-09-01
2021-09-21,PCR,98,5200,2021-09-19,2021-09-01
2021-09-22,Antigen,262,2355,2021-09-19,2021-09-01
2021-09-22,PCR,151,4360,2021-09-19,2021-09-01
2021-09-23,Antigen,186,1882,2021-09-19,2021-09-01
2021-09-23,PCR,140,4247,2021-09-19,2021-09-01
2021-09-24,Antigen,202,2256,2021-09-19,2021-09-01
2021-09-24,PCR,200,4998,2021-09-19,2021-09-01
2021-09-25,Antigen,229,2112,2021-09-19,2021-09-01
2021-09-25,PCR,107,3824,2021-09-19,2021-09-01
2021-09-26,Antigen,40,619,2021-09-26,2021-09-01
2021-09-26,PCR,106,3865,2021-09-26,2021-09-01
2021-09-27,Antigen,21,436,2021-09-26,2021-09-01
2021-09-27,PCR,33,2065,2021-09-26,2021-09-01
2021-09-28,Antigen,144,1639,2021-09-26,2021-09-01
2021-09-28,PCR,125,4666,2021-09-26,2021-09-01
2021-09-29,Antigen,205,2127,2021-09-26,2021-09-01
2021-09-29,PCR,221,4182,2021-09-26,2021-09-01
2021-09-30,Antigen,158,1720,2021-09-26,2021-09-01
2021-09-30,PCR,120,4506,2021-09-26,2021-09-01
2021-10-01,Antigen,172,1948,2021-09-26,2021-10-01
2021-10-01,PCR,137,4553,2021-09-26,2021-10-01
2021-10-02,Antigen,184,1615,2021-09-26,2021-10-01
2021-10-02,PCR,148,4836,2021-09-26,2021-10-01
2021-10-03,Antigen,32,545,2021-10-03,2021-10-01
2021-10-03,PCR,61,2890,2021-10-03,2021-10-01
2021-10-04,Antigen,43,336,2021-10-03,2021-10-01
2021-10-04,PCR,35,2079,2021-10-03,2021-10-01
2021-10-05,Antigen,111,1348,2021-10-03,2021-10-01
2021-10-05,PCR,90,5019,2021-10-03,2021-10-01
2021-10-06,Antigen,79,1185,2021-10-03,2021-10-01
2021-10-06,PCR,59,3684,2021-10-03,2021-10-01
2021-10-07,Antigen,134,1444,2021-10-03,2021-10-01
2021-10-07,PCR,87,4906,2021-10-03,2021-10-01
2021-10-08,Antigen,91,1434,2021-10-03,2021-10-01
2021-10-08,PCR,80,4728,2021-10-03,2021-10-01
2021-10-09,Antigen,80,971,2021-10-03,2021-10-01
2021-10-09,PCR,80,3075,2021-10-03,2021-10-01
2021-10-10,Antigen,39,482,2021-10-10,2021-10-01
2021-10-10,PCR,89,2852,2021-10-10,2021-10-01
2021-10-11,Antigen,46,448,2021-10-10,2021-10-01
2021-10-11,PCR,50,3254,2021-10-10,2021-10-01
2021-10-12,Antigen,39,496,2021-10-10,2021-10-01
2021-10-12,PCR,30,2702,2021-10-10,2021-10-01
2021-10-13,Antigen,80,1205,2021-10-10,2021-10-01
2021-10-13,PCR,106,3443,2021-10-10,2021-10-01
2021-10-14,Antigen,102,2427,2021-10-10,2021-10-01
2021-10-14,PCR,88,4538,2021-10-10,2021-10-01
2021-10-15,Antigen,74,1640,2021-10-10,2021-10-01
2021-10-15,PCR,64,4406,2021-10-10,2021-10-01
2021-10-16,Antigen,96,847,2021-10-10,2021-10-01
2021-10-16,PCR,78,3561,2021-10-10,2021-10-01
2021-10-17,Antigen,21,464,2021-10-17,2021-10-01
2021-10-17,PCR,54,3523,2021-10-17,2021-10-01
2021-10-18,Antigen,16,405,2021-10-17,2021-10-01
2021-10-18,PCR,19,3125,2021-10-17,2021-10-01
2021-10-19,Antigen,64,1346,2021-10-17,2021-10-01
2021-10-19,PCR,68,4026,2021-10-17,2021-10-01
2021-10-20,Antigen,73,1337,2021-10-17,2021-10-01
2021-10-20,PCR,78,4725,2021-10-17,2021-10-01
2021-10-21,Antigen,60,1124,2021-10-17,2021-10-01
2021-10-21,PCR,31,1864,2021-10-17,2021-10-01
2021-10-22,Antigen,42,1206,2021-10-17,2021-10-01
2021-10-22,PCR,99,6150,2021-10-17,2021-10-01
2021-10-23,Antigen,61,1663,2021-10-17,2021-10-01
2021-10-23,PCR,70,3447,2021-10-17,2021-10-01
2021-10-24,Antigen,11,292,2021-10-24,2021-10-01
2021-10-24,PCR,33,3946,2021-10-24,2021-10-01
2021-10-25,Antigen,8,302,2021-10-24,2021-10-01
2021-10-25,PCR,8,1016,2021-10-24,2021-10-01
2021-10-26,Antigen,95,1363,2021-10-24,2021-10-01
2021-10-26,PCR,57,6106,2021-10-24,2021-10-01
2021-10-27,Antigen,62,1146,2021-10-24,2021-10-01
2021-10-27,PCR,41,3749,2021-10-24,2021-10-01
2021-10-28,Antigen,47,900,2021-10-24,2021-10-01
2021-10-28,PCR,35,3288,2021-10-24,2021-10-01
2021-10-29,Antigen,60,1266,2021-10-24,2021-10-01
2021-10-29,PCR,74,4256,2021-10-24,2021-10-01
2021-10-30,Antigen,32,691,2021-10-24,2021-10-01
2021-10-30,PCR,110,4259,2021-10-24,2021-10-01
2021-10-31,Antigen,4,291,2021-10-31,2021-10-01
2021-10-31,PCR,13,2723,2021-10-31,2021-10-01
2021-11-01,Antigen,8,336,2021-10-31,2021-11-01
2021-11-01,PCR,21,3348,2021-10-31,2021-11-01
2021-11-02,Antigen,41,935,2021-10-31,2021-11-01
2021-11-02,PCR,29,4820,2021-10-31,2021-11-01
2021-11-03,Antigen,38,873,2021-10-31,2021-11-01
2021-11-03,PCR,66,3744,2021-10-31,2021-11-01
2021-11-04,Antigen,100,1856,2021-10-31,2021-11-01
2021-11-04,PCR,50,3644,2021-10-31,2021-11-01
2021-11-05,Antigen,46,1298,2021-10-31,2021-11-01
2021-11-05,PCR,31,4976,2021-10-31,2021-11-01
2021-11-06,Antigen,49,1051,2021-10-31,2021-11-01
2021-11-06,PCR,27,3566,2021-10-31,2021-11-01
2021-11-07,Antigen,5,244,2021-11-07,2021-11-01
2021-11-07,PCR,15,3200,2021-11-07,2021-11-01
2021-11-08,Antigen,8,252,2021-11-07,2021-11-01
2021-11-08,PCR,13,2896,2021-11-07,2021-11-01
2021-11-09,Antigen,12,342,2021-11-07,2021-11-01
2021-11-09,PCR,14,1004,2021-11-07,2021-11-01
2021-11-10,Antigen,50,1027,2021-11-07,2021-11-01
2021-11-10,PCR,136,6064,2021-11-07,2021-11-01
2021-11-11,Antigen,39,1113,2021-11-07,2021-11-01
2021-11-11,PCR,55,5652,2021-11-07,2021-11-01
2021-11-12,Antigen,33,754,2021-11-07,2021-11-01
2021-11-12,PCR,32,4036,2021-11-07,2021-11-01
2021-11-13,Antigen,35,885,2021-11-07,2021-11-01
2021-11-13,PCR,27,4640,2021-11-07,2021-11-01
2021-11-14,Antigen,5,388,2021-11-14,2021-11-01
2021-11-14,PCR,16,2321,2021-11-14,2021-11-01
2021-11-15,Antigen,6,266,2021-11-14,2021-11-01
2021-11-15,PCR,6,1694,2021-11-14,2021-11-01
2021-11-16,Antigen,50,829,2021-11-14,2021-11-01
2021-11-16,PCR,25,3025,2021-11-14,2021-11-01
2021-11-17,Antigen,15,557,2021-11-14,2021-11-01
2021-11-17,PCR,54,4788,2021-11-14,2021-11-01
2021-11-18,Antigen,21,1033,2021-11-14,2021-11-01
2021-11-18,PCR,78,3648,2021-11-14,2021-11-01
2021-11-19,Antigen,54,871,2021-11-14,2021-11-01
2021-11-19,PCR,36,3931,2021-11-14,2021-11-01
2021-11-20,Antigen,22,679,2021-11-14,2021-11-01
2021-11-20,PCR,37,3657,2021-11-14,2021-11-01
2021-11-21,Antigen,10,581,2021-11-21,2021-11-01
2021-11-21,PCR,12,2610,2021-11-21,2021-11-01
2021-11-22,Antigen,6,335,2021-11-21,2021-11-01
2021-11-22,PCR,12,3647,2021-11-21,2021-11-01
2021-11-23,Antigen,31,737,2021-11-21,2021-11-01
2021-11-23,PCR,22,4294,2021-11-21,2021-11-01
2021-11-24,Antigen,11,631,2021-11-21,2021-11-01
2021-11-24,PCR,25,3615,2021-11-21,2021-11-01
2021-11-25,Antigen,25,880,2021-11-21,2021-11-01
2021-11-25,PCR,22,4033,2021-11-21,2021-11-01
2021-11-26,Antigen,16,941,2021-11-21,2021-11-01
2021-11-26,PCR,26,4030,2021-11-21,2021-11-01
2021-11-27,Antigen,10,404,2021-11-21,2021-11-01
2021-11-27,PCR,29,3091,2021-11-21,2021-11-01
2021-11-28,Antigen,5,76,2021-11-28,2021-11-01
2021-11-28,PCR,6,2387,2021-11-28,2021-11-01
2021-11-29,Antigen,18,377,2021-11-28,2021-11-01
2021-11-29,PCR,11,2592,2021-11-28,2021-11-01
2021-11-30,Antigen,64,972,2021-11-28,2021-11-01
2021-11-30,PCR,47,4022,2021-11-28,2021-11-01
2021-12-01,Antigen,40,904,2021-11-28,2021-12-01
2021-12-01,PCR,39,3949,2021-11-28,2021-12-01
2021-12-02,Antigen,52,1069,2021-11-28,2021-12-01
2021-12-02,PCR,45,2971,2021-11-28,2021-12-01
2021-12-03,Antigen,20,832,2021-11-28,2021-12-01
2021-12-03,PCR,77,3967,2021-11-28,2021-12-01
2021-12-04,Antigen,19,671,2021-11-28,2021-12-01
2021-12-04,PCR,37,3400,2021-11-28,2021-12-01
2021-12-05,Antigen,7,164,2021-12-05,2021-12-01
2021-12-05,PCR,24,2769,2021-12-05,2021-12-01
2021-12-06,Antigen,6,82,2021-12-05,2021-12-01
2021-12-06,PCR,26,2811,2021-12-05,2021-12-01
2021-12-07,Antigen,44,884,2021-12-05,2021-12-01
2021-12-07,PCR,1,358,2021-12-05,2021-12-01
2021-12-08,Antigen,21,678,2021-12-05,2021-12-01
2021-12-09,Antigen,42,717,2021-12-05,2021-12-01
2021-12-10,Antigen,35,454,2021-12-05,2021-12-01
2021-12-11,Antigen,44,812,2021-12-05,2021-12-01
